{
  "mean": [
    23.30375527018815,
    21.437305611488867,
    -0.09905626860148961,
    4.369380755849134,
    20.82040954189363,
    0.14272848517478753
  ],
  "scale": [
    17.474251952549395,
    16.724857568435596,
    8.515759406031098,
    3.623457110138813,
    23.96495487601302,
    0.08024064921338994
  ]
}