{
  "mean": [
    12.002745118297515,
    11.47494809744788,
    0.055342309726554836,
    2.020181146801495,
    4.305656984204152,
    0.18857941826706234
  ],
  "scale": [
    6.575458279931648,
    6.737366585648749,
    3.206551811196156,
    0.7342458007920782,
    1.4813625355806437,
    0.07110136143984827
  ]
}