{"mean": [30.502972920735676, 28.219646877712673, 4.235311667124431, 6.224372386932373, 32.45635260476006, 0.12352576251659128], "std": [10.961900929889397, 9.132488330910537, 9.363743720005488, 2.719675362129959, 37.90376005340074, 0.16162424017033827]}